NAME,OBJECTID
101,1
102,0
103,4
104,2
105,3
201,13
202,6
203,5
204,10
205,9
206,11
207,12
208,8
209,7
301,14
302,15
303,16
304,17
305,366
306,367
401,22
402,23
403,21
404,24
405,19
406,25
407,20
408,18
501,27
502,29
503,26
504,28
601,34
602,47
603,30
604,31
605,36
606,32
607,35
608,33
609,39
610,38
611,37
612,41
613,44
614,40
615,43
616,42
617,45
618,46
701,55
702,53
703,54
704,63
705,62
706,50
707,49
708,56
709,57
710,72
711,58
712,59
713,68
714,74
715,73
716,52
717,69
718,65
719,61
720,60
721,70
722,64
723,78
724,77
725,75
726,71
727,76
730,48
731,51
801,84
802,85
803,409
804,89
805,80
806,83
807,86
808,87
809,88
810,79
811,81
812,82
813,410
901,92
902,93
903,90
904,91
905,94
1001,96
1002,97
1003,101
1004,95
1005,98
1006,102
1007,103
1008,99
1009,100
1010,104
1011,105
1012,106
1013,408
1014,407
1015,109
1016,108
1017,107
1101,110
1102,112
1103,111
1201,113
1202,114
1301,117
1302,115
1303,116
1304,118
1401,119
1402,120
1403,121
1501,122
1502,123
1601,124
1602,125
1603,126
1604,128
1605,127
1606,129
1607,130
1608,131
1609,132
1610,133
1611,134
1612,136
1613,135
1701,137
1702,145
1703,147
1704,140
1705,143
1706,138
1707,139
1708,144
1709,146
1710,141
1711,142
1801,148
1901,153
1902,152
1903,151
1904,150
1905,149
2001,154
2002,157
2003,158
2004,155
2005,156
2101,162
2102,159
2103,161
2104,160
2105,405
2106,163
2107,164
2108,406
2201,165
2301,380
2302,381
2303,385
2304,384
2305,379
2306,387
2307,383
2308,386
2309,382
2401,166
2402,167
2403,168
2404,181
2405,169
2406,170
2407,179
2408,171
2409,172
2410,173
2411,180
2412,174
2413,178
2414,177
2415,175
2416,176
2501,414
2502,413
2503,368
2504,369
2505,182
2601,184
2602,186
2603,183
2604,185
2605,187
2606,188
2607,190
2608,189
2609,193
2610,191
2611,192
2612,209
2613,200
2614,208
2615,199
2616,204
2617,205
2618,210
2619,206
2620,207
2621,201
2622,203
2623,202
2624,374
2625,198
2626,195
2627,196
2628,373
2629,197
2630,194
2701,211
2702,212
2703,213
2704,214
2705,215
2706,216
2707,217
2708,218
2801,219
2802,224
2803,227
2804,226
2805,225
2806,228
2807,229
2808,230
2809,231
2810,232
2811,220
2812,221
2813,222
2814,223
2815,233
2816,235
2817,234
2818,404
2819,236
2820,237
2821,238
2822,239
2823,240
2824,242
2825,241
2826,243
2827,244
2828,245
2829,246
2830,247
2831,401
2832,248
2833,249
2834,250
2835,251
2836,252
2837,253
2838,254
2839,255
2840,292
2841,256
2842,258
2843,257
2844,259
2845,260
2846,261
2847,262
2848,263
2849,264
2850,265
2851,266
2852,267
2853,268
2854,269
2855,270
2856,271
2857,272
2858,273
2859,274
2860,275
2861,276
2862,277
2863,278
2864,279
2865,280
2866,281
2867,282
2868,283
2869,284
2870,285
2871,293
2872,294
2873,286
2874,287
2875,289
2876,288
2877,290
2878,291
2879,402
2880,403
2901,295
2902,296
3001,389
3002,388
3003,390
3101,298
3102,415
3103,416
3104,297
3105,417
3106,418
3201,304
3202,302
3203,303
3204,301
3205,299
3206,305
3207,300
3208,365
3209,364
3210,363
3301,312
3302,308
3303,306
3304,307
3305,311
3306,309
3307,310
3401,371
3402,372
3403,370
3501,313
3502,314
3503,315
3504,316
3505,317
3506,318
3507,319
3508,341
3509,320
3510,321
3511,343
3512,322
3513,323
3514,324
3515,325
3516,326
3517,327
3518,340
3519,328
3520,329
3521,330
3522,339
3523,345
3524,342
3525,331
3526,332
3527,333
3528,334
3529,335
3530,336
3531,337
3532,344
3533,338
3601,346
3602,350
3603,352
3604,347
3605,351
3606,348
3607,349
3701,378
3702,377
3703,375
3704,376
3801,391
3802,398
3803,393
3804,394
3805,395
3806,396
3807,397
3808,399
3809,400
3810,392
3901,360
3902,359
3903,411
3904,358
3905,362
3906,354
3907,355
3908,353
3909,361
3910,357
3911,356
3912,412
